Year,Coding_Score,DSA_Score,Technical_Skills,Projects_Score,Communication_Score,Aptitude_Score,Internship_Experience,Resume_Score,Readiness_Score,Placement_Readiness
3,82,54,45,22,56,65,1,88,59.05,Developing
4,36,46,33,17,100,67,0,28,41.6,Not Ready
1,92,16,76,74,76,58,1,21,60.00000000000001,Developing
3,52,47,56,52,27,23,1,53,48.7,Developing
3,96,91,77,48,98,49,1,79,78.95,Placement Ready
4,48,44,40,90,39,49,1,80,57.3,Developing
1,32,47,88,68,72,41,1,50,58.9,Developing
1,65,91,22,93,31,94,0,29,60.6,Developing
3,54,40,56,97,68,85,0,95,63.849999999999994,Developing
2,25,36,68,95,36,31,0,55,47.6,Developing
3,88,80,38,95,83,55,1,68,74.75,Placement Ready
3,66,52,31,53,61,37,0,89,51.6,Developing
3,44,60,80,18,48,72,1,68,57.10000000000001,Developing
3,85,29,60,46,38,90,1,22,54.45,Developing
4,29,58,52,83,30,20,1,93,55.5,Developing
1,75,63,69,45,69,77,0,24,57.95,Developing
4,49,89,87,37,90,25,0,80,63.24999999999999,Developing
4,24,75,90,51,77,89,0,45,60.85,Developing
4,52,81,52,52,53,63,1,91,65.3,Developing
3,84,20,100,94,39,91,0,24,61.1,Developing
2,37,23,43,97,69,43,1,34,50.74999999999999,Developing
1,68,20,80,51,29,38,0,35,44.05,Not Ready
2,30,87,80,75,51,37,0,20,55.95000000000001,Developing
4,45,46,47,64,71,49,1,35,53.1,Developing
4,82,55,77,81,34,61,1,56,67.1,Developing
2,78,90,62,57,22,52,0,22,57.150000000000006,Developing
2,46,22,60,100,56,93,0,71,57.300000000000004,Developing
2,68,86,58,31,59,31,0,66,56.349999999999994,Developing
4,96,64,68,36,91,46,1,32,64.7,Developing
4,52,76,36,76,59,58,1,99,66.4,Developing
1,20,98,89,22,75,28,0,74,56.949999999999996,Developing
1,40,76,89,54,42,40,0,40,54.85000000000001,Developing
4,74,21,84,19,30,95,1,85,56.75,Developing
2,25,89,93,18,83,48,0,73,58.599999999999994,Developing
2,100,98,24,63,27,52,1,46,65.15,Developing
1,88,94,21,36,75,81,1,57,66.85,Developing
4,24,18,41,43,79,34,1,77,43.8,Not Ready
1,22,20,76,10,29,21,1,81,38.300000000000004,Not Ready
1,72,72,85,41,58,71,1,65,68.5,Developing
3,42,36,93,98,47,63,1,30,61.150000000000006,Developing
3,72,40,35,80,68,73,0,91,59.24999999999999,Developing
3,56,17,70,76,55,37,1,27,50.60000000000001,Developing
2,93,55,58,93,32,22,1,90,67.0,Developing
4,93,74,95,29,55,26,0,83,63.75,Developing
4,36,28,59,44,45,62,1,40,46.150000000000006,Developing
4,97,89,57,100,23,57,0,91,73.0,Placement Ready
4,92,96,79,99,83,56,1,82,86.8,Placement Ready
3,20,26,78,87,57,77,0,83,54.650000000000006,Developing
2,70,26,29,26,41,52,0,39,37.15,Not Ready
2,64,27,83,27,21,78,1,27,49.10000000000001,Developing
3,96,39,82,54,50,30,1,77,63.300000000000004,Developing
2,23,59,68,93,30,87,1,65,62.6,Developing
3,81,33,83,62,65,87,1,50,65.7,Developing
4,84,69,51,100,81,41,0,28,64.05,Developing
3,51,59,26,91,88,85,0,34,57.699999999999996,Developing
4,53,22,40,77,83,63,0,45,49.0,Developing
4,91,67,39,74,29,25,1,29,57.3,Developing
1,58,69,45,10,59,61,0,48,47.55,Developing
3,45,46,87,67,43,44,1,99,62.64999999999999,Developing
1,53,65,34,35,63,76,1,55,55.699999999999996,Developing
3,73,58,98,29,79,74,0,56,62.5,Developing
3,22,96,33,96,81,35,1,90,67.45,Developing
1,69,84,46,19,36,33,0,42,48.0,Developing
1,31,32,59,68,84,58,1,60,55.3,Developing
3,84,97,77,84,76,47,0,99,78.35000000000001,Placement Ready
2,73,36,47,50,74,70,1,47,56.800000000000004,Developing
4,24,51,45,14,72,68,0,67,43.35000000000001,Not Ready
1,76,70,82,74,75,28,0,57,64.8,Developing
4,36,73,85,26,28,77,1,50,57.15,Developing
2,66,17,44,31,41,64,1,33,43.349999999999994,Not Ready
2,42,42,22,50,32,41,0,92,42.0,Not Ready
2,98,88,91,77,67,51,1,96,83.89999999999998,Placement Ready
1,33,49,63,78,37,88,1,48,58.2,Developing
2,85,75,61,20,95,88,1,70,70.2,Placement Ready
1,94,68,25,65,59,61,0,68,60.0,Developing
2,70,77,58,60,36,72,0,62,60.6,Developing
4,57,93,71,30,34,78,1,91,67.6,Developing
4,83,21,42,85,34,93,1,24,55.800000000000004,Developing
3,57,90,69,35,98,58,0,61,63.85,Developing
4,69,63,62,28,82,34,1,26,55.650000000000006,Developing
3,49,99,38,69,58,90,0,61,64.1,Developing
4,98,45,88,80,32,48,1,55,67.4,Developing
1,70,72,70,56,100,22,1,46,65.6,Developing
4,82,75,30,80,51,29,1,77,64.5,Developing
3,71,38,31,35,28,48,0,65,42.25,Not Ready
3,57,34,93,49,59,98,0,85,60.849999999999994,Developing
2,98,51,27,14,39,54,0,44,44.75,Not Ready
1,49,18,43,30,96,25,0,92,43.2,Not Ready
4,70,34,60,87,99,31,1,46,61.95,Developing
2,100,74,55,13,92,57,1,20,61.900000000000006,Developing
4,24,38,91,32,82,96,0,93,56.75,Developing
4,48,64,74,93,95,38,1,61,69.44999999999999,Developing
2,23,63,28,24,63,86,1,71,50.85,Developing
2,29,65,66,17,57,27,0,44,42.6,Not Ready
2,75,50,34,50,79,27,1,73,56.75,Developing
2,36,80,67,28,90,66,1,86,64.85,Developing
2,93,93,61,55,67,23,0,25,61.449999999999996,Developing
4,36,48,79,37,37,70,1,77,55.800000000000004,Developing
2,88,50,89,100,35,86,1,89,77.55000000000001,Placement Ready
1,53,20,31,77,74,64,1,72,54.15,Developing
3,25,53,21,24,58,27,0,85,38.1,Not Ready
2,72,56,26,46,87,35,0,77,52.7,Developing
2,85,72,99,10,78,96,1,21,68.0,Developing
4,96,26,22,76,81,86,1,95,65.5,Developing
2,62,17,22,33,32,28,1,41,36.05,Not Ready
2,94,32,46,36,100,79,0,56,56.3,Developing
2,42,54,59,49,25,97,0,39,49.400000000000006,Developing
4,74,35,52,72,96,96,0,43,60.2,Developing
2,99,29,20,70,79,90,1,84,64.45,Developing
3,94,40,27,45,33,34,1,84,53.0,Developing
4,35,22,51,33,73,90,1,100,53.55,Developing
3,27,56,67,33,23,60,1,20,45.55,Developing
4,23,58,23,13,58,41,1,22,37.550000000000004,Not Ready
2,23,28,89,76,91,43,0,65,53.699999999999996,Developing
3,75,92,38,43,44,63,1,74,64.9,Developing
4,44,16,51,66,96,20,1,94,53.35,Developing
1,86,51,28,58,51,29,1,83,57.3,Developing
2,86,83,31,96,78,99,0,64,72.65,Placement Ready
4,46,52,30,62,82,91,1,45,57.900000000000006,Developing
1,51,55,65,32,57,75,0,96,56.0,Developing
4,69,76,35,78,72,69,0,84,65.0,Developing
1,80,74,20,62,86,31,0,43,55.1,Developing
2,70,28,82,71,47,100,0,93,63.05,Developing
3,38,98,40,50,22,79,0,54,54.3,Developing
1,40,16,49,66,99,45,1,43,50.14999999999999,Developing
4,24,84,32,69,41,97,1,47,59.050000000000004,Developing
2,61,31,53,63,57,60,0,99,54.35,Developing
1,80,42,23,79,91,55,0,35,53.8,Developing
4,41,80,47,66,91,42,0,78,60.2,Developing
4,40,49,78,19,81,62,1,100,59.650000000000006,Developing
4,89,19,46,49,76,25,1,73,53.8,Developing
1,20,79,88,16,25,88,0,98,55.5,Developing
1,24,54,44,47,97,62,1,35,52.45,Developing
1,31,90,22,94,51,44,1,34,57.949999999999996,Developing
3,65,70,87,70,29,37,0,30,56.9,Developing
1,53,50,44,93,22,81,0,84,57.2,Developing
1,68,59,39,12,78,32,1,98,55.45,Developing
1,97,37,53,60,95,62,1,87,68.3,Developing
3,64,61,45,95,68,97,1,62,70.5,Placement Ready
1,46,45,24,56,78,47,0,88,49.2,Developing
4,92,25,80,77,50,37,0,32,54.25,Developing
1,45,24,28,85,88,78,0,29,47.99999999999999,Developing
4,66,81,69,47,81,79,1,94,73.9,Placement Ready
4,75,28,25,45,71,82,1,60,53.650000000000006,Developing
4,82,94,79,50,60,76,0,69,70.95,Placement Ready
3,67,88,63,78,50,70,1,90,74.8,Placement Ready
3,80,24,30,22,41,75,0,78,44.0,Not Ready
3,100,90,85,96,23,46,1,58,77.85,Placement Ready
1,45,15,66,67,32,51,0,22,40.2,Not Ready
4,55,19,92,59,64,28,1,95,58.4,Developing
3,20,34,22,39,61,87,1,26,41.35000000000001,Not Ready
3,27,22,95,71,68,65,0,68,53.45,Developing
1,71,57,49,34,39,86,0,45,51.5,Developing
3,98,90,40,36,96,45,0,52,63.400000000000006,Developing
1,66,15,47,60,100,27,0,67,48.35000000000001,Developing
2,75,71,81,87,73,25,0,98,70.25,Placement Ready
3,33,78,52,66,55,99,1,21,60.75,Developing
2,47,98,54,56,20,43,0,90,58.449999999999996,Developing
1,97,42,71,48,34,67,0,51,56.0,Developing
4,21,51,53,25,96,64,0,23,43.35,Not Ready
3,45,61,60,31,36,32,0,39,43.300000000000004,Not Ready
1,33,90,70,94,43,88,0,55,66.15,Developing
4,78,51,66,63,77,44,1,51,63.45,Developing
4,75,63,77,30,91,39,0,47,57.6,Developing
2,26,58,94,81,42,85,0,96,64.05000000000001,Developing
1,22,70,76,25,65,93,0,20,50.25,Developing
4,42,42,42,68,91,64,1,79,59.599999999999994,Developing
3,37,93,67,40,27,66,1,75,62.00000000000001,Developing
3,57,20,41,51,78,82,0,54,47.75,Developing
2,34,75,36,83,78,95,0,49,60.15,Developing
4,83,34,88,41,32,96,1,73,63.7,Developing
1,47,92,30,68,58,74,1,55,63.85,Developing
3,93,16,34,43,47,94,1,74,55.199999999999996,Developing
4,58,87,54,18,80,38,0,99,58.6,Developing
4,76,51,52,90,35,54,0,77,59.50000000000001,Developing
2,36,34,35,20,21,72,1,84,43.15,Not Ready
3,63,40,53,19,36,45,0,88,45.150000000000006,Developing
3,44,43,85,95,49,33,1,70,62.4,Developing
1,36,15,59,26,32,64,1,41,39.85,Not Ready
3,32,49,47,77,32,63,1,72,54.900000000000006,Developing
1,44,84,66,57,62,84,0,55,61.949999999999996,Developing
3,87,73,58,61,40,70,1,87,70.19999999999999,Placement Ready
2,29,83,89,34,74,62,1,55,63.50000000000001,Developing
3,86,47,92,30,100,42,0,71,61.900000000000006,Developing
1,37,65,39,74,59,75,1,72,61.1,Developing
1,53,92,20,72,34,38,0,69,54.24999999999999,Developing
2,27,26,91,98,92,95,1,99,71.2,Placement Ready
3,59,34,82,60,71,74,0,60,57.45,Developing
3,61,67,86,45,93,79,1,37,68.10000000000001,Developing
2,60,57,23,90,72,78,1,41,61.449999999999996,Developing
3,25,64,77,97,71,52,1,85,68.45,Developing
3,71,43,44,75,49,38,1,40,54.8,Developing
1,45,71,66,24,52,47,1,63,55.650000000000006,Developing
3,83,53,57,48,76,71,0,66,60.1,Developing
3,78,70,34,79,71,68,0,58,62.349999999999994,Developing
2,75,57,82,10,28,56,1,48,54.64999999999999,Developing
2,78,64,40,32,73,45,1,73,59.39999999999999,Developing
4,89,37,76,48,20,59,1,36,55.849999999999994,Developing
1,52,58,72,66,63,99,0,99,66.2,Developing
3,72,52,65,90,94,57,0,79,67.45,Developing
3,41,98,33,43,99,96,1,50,66.65,Developing
4,40,37,95,50,28,73,0,92,54.45,Developing
3,89,59,36,82,51,41,1,97,66.75,Developing
1,89,66,58,22,34,35,1,68,57.25,Developing
4,23,94,28,79,31,47,1,21,53.2,Developing
1,94,64,96,15,97,54,0,67,65.35,Developing
4,81,22,98,93,76,79,1,33,69.0,Developing
4,81,99,25,61,27,64,1,78,66.75,Developing
2,43,15,42,12,91,65,1,77,45.85,Developing
1,74,22,78,90,46,91,0,77,62.10000000000001,Developing
3,28,43,65,72,81,74,0,70,55.85,Developing
3,22,19,57,58,31,45,0,21,34.05,Not Ready
1,50,100,33,85,84,44,1,60,69.0,Developing
3,59,61,91,56,61,84,0,35,61.1,Developing
3,55,48,81,64,81,25,1,23,57.5,Developing
1,43,79,54,73,30,42,0,31,51.6,Developing
4,25,69,38,74,62,83,1,48,58.650000000000006,Developing
1,85,57,49,90,36,62,0,26,57.400000000000006,Developing
4,94,88,97,76,51,42,1,33,75.25,Placement Ready
3,23,44,44,99,59,49,0,31,47.6,Developing
3,98,96,59,24,42,96,0,24,62.55000000000001,Developing
3,25,31,33,41,75,37,0,100,42.25,Not Ready
2,70,40,45,77,25,98,1,51,59.199999999999996,Developing
4,81,22,41,27,69,40,0,93,46.95,Developing
2,76,61,67,92,56,76,0,62,66.85,Developing
2,85,90,70,52,83,42,0,100,71.55,Placement Ready
1,98,86,22,44,73,64,0,88,64.3,Developing
2,94,60,61,87,91,63,1,64,75.10000000000001,Placement Ready
1,27,82,38,67,68,66,0,28,52.4,Developing
1,45,47,92,42,30,59,1,68,56.94999999999999,Developing
2,70,15,47,23,68,70,1,52,48.0,Developing
4,64,33,64,43,40,61,1,37,51.050000000000004,Developing
4,63,45,90,70,85,26,1,28,61.35,Developing
4,24,94,97,13,82,69,0,81,62.1,Developing
4,89,28,82,97,47,67,1,76,69.8,Developing
4,45,67,92,68,36,25,1,48,60.05,Developing
2,87,62,38,38,25,28,1,97,56.85,Developing
2,38,83,66,92,38,76,1,44,66.8,Developing
3,39,76,33,15,75,50,0,34,44.15,Not Ready
4,31,80,57,58,47,40,0,25,49.099999999999994,Developing
2,66,78,72,49,85,59,1,61,69.14999999999999,Developing
3,20,84,80,92,57,64,1,48,67.5,Developing
4,33,77,55,74,56,96,1,98,69.7,Developing
1,83,87,59,78,87,68,0,23,68.2,Developing
3,57,47,100,36,68,39,0,76,56.650000000000006,Developing
2,56,55,49,89,62,36,0,68,56.7,Developing
1,30,62,28,15,55,47,0,63,39.849999999999994,Not Ready
1,96,27,83,22,77,60,0,99,59.15,Developing
1,22,87,52,73,32,85,1,94,65.55000000000001,Developing
3,52,91,71,71,71,44,0,33,62.099999999999994,Developing
2,25,45,33,28,77,77,0,22,39.5,Not Ready
1,69,89,94,85,51,60,1,81,79.19999999999999,Placement Ready
4,29,82,72,89,100,25,0,83,65.7,Developing
1,24,18,78,52,79,94,0,64,50.4,Developing
1,42,33,97,83,77,57,0,77,61.00000000000001,Developing
3,29,84,60,98,75,25,1,39,63.74999999999999,Developing
3,63,96,87,29,47,64,0,77,64.85000000000001,Developing
2,21,27,87,77,20,94,1,76,57.15,Developing
4,32,37,27,53,61,33,1,96,48.2,Developing
3,59,97,21,32,67,85,0,87,60.1,Developing
1,21,89,60,11,59,59,0,97,53.1,Developing
2,84,15,74,31,82,22,0,71,48.85,Developing
1,82,68,35,66,95,43,0,56,60.449999999999996,Developing
1,92,85,81,81,91,38,1,27,75.69999999999999,Placement Ready
3,36,99,67,16,99,37,0,63,57.55,Developing
2,28,29,49,87,23,83,1,24,48.4,Developing
4,94,79,31,65,57,54,1,88,69.2,Developing
4,34,90,54,76,46,81,1,50,65.30000000000001,Developing
3,43,85,30,25,28,20,1,64,47.9,Developing
3,57,29,83,92,35,44,1,28,56.29999999999999,Developing
2,54,35,69,60,75,64,0,51,53.45,Developing
4,68,33,40,91,95,68,1,52,62.95,Developing
4,88,74,88,89,50,35,1,86,76.65,Placement Ready
4,81,47,67,81,33,38,0,49,55.74999999999999,Developing
1,79,63,39,21,44,42,0,95,51.550000000000004,Developing
4,69,49,86,62,53,44,1,48,61.849999999999994,Developing
1,97,58,63,84,86,35,1,22,67.5,Developing
2,94,25,52,14,43,73,0,76,48.20000000000001,Developing
1,28,86,92,36,92,92,1,49,68.9,Developing
2,53,92,80,21,45,20,0,28,50.8,Developing
4,95,88,28,26,39,61,0,45,54.45,Developing
4,54,80,87,15,83,38,1,21,58.6,Developing
2,20,60,54,14,29,53,0,81,41.50000000000001,Not Ready
3,59,23,100,66,86,99,1,22,64.05,Developing
2,83,17,84,37,43,74,1,65,57.199999999999996,Developing
3,41,99,27,87,24,37,1,87,62.85,Developing
1,79,40,64,78,86,53,0,44,59.45000000000001,Developing
1,83,86,66,68,77,64,1,70,75.85,Placement Ready
1,91,62,59,42,46,25,0,32,51.5,Developing
4,30,80,95,71,99,40,1,63,70.6,Placement Ready
1,33,84,73,59,34,89,1,54,64.25,Developing
3,79,42,95,28,54,67,0,74,58.2,Developing
1,49,40,65,95,95,58,1,28,62.45,Developing
2,54,39,66,78,72,50,1,21,56.800000000000004,Developing
2,56,26,34,75,63,29,0,80,47.15,Developing
4,24,19,38,56,45,49,0,60,36.9,Not Ready
2,97,62,45,48,66,37,0,63,57.500000000000014,Developing
3,45,51,71,77,53,79,1,83,65.65,Developing
1,81,93,41,42,69,92,0,50,64.3,Developing
4,23,58,40,22,31,34,0,66,37.45,Not Ready
1,61,29,70,93,23,23,1,21,51.1,Developing
1,37,57,57,63,67,82,0,96,59.45000000000001,Developing
3,59,62,39,16,74,59,1,88,56.599999999999994,Developing
2,91,84,48,88,20,28,1,77,68.35000000000001,Developing
2,58,60,70,96,85,28,0,63,63.19999999999999,Developing
1,33,57,23,23,49,45,1,93,46.95,Developing
4,51,35,74,96,22,23,0,75,52.15,Developing
2,70,37,90,28,40,100,0,62,55.800000000000004,Developing
4,57,94,47,63,68,35,0,53,59.44999999999999,Developing
2,42,61,23,29,81,34,0,49,42.699999999999996,Not Ready
4,82,29,41,38,57,71,1,90,56.75,Developing
3,34,39,95,33,34,88,1,89,58.199999999999996,Developing
4,44,50,64,91,71,24,0,74,56.75,Developing
3,36,89,86,72,98,39,0,86,69.2,Developing
3,85,65,85,83,65,98,1,32,75.45,Placement Ready
4,97,29,53,66,44,37,0,22,48.50000000000001,Developing
3,72,82,74,17,40,21,1,45,56.45,Developing
1,70,35,20,99,24,32,0,76,48.550000000000004,Developing
3,58,27,91,71,89,23,1,43,58.89999999999999,Developing
2,70,100,57,38,66,61,1,72,69.65,Developing
4,89,33,25,83,87,93,1,89,68.05000000000001,Developing
1,25,48,44,26,37,80,0,62,41.75,Not Ready
4,86,92,36,75,40,27,0,79,62.550000000000004,Developing
2,26,82,80,15,42,86,0,77,55.050000000000004,Developing
2,70,66,31,67,83,82,0,68,61.7,Developing
2,91,41,25,78,86,28,0,61,54.8,Developing
3,61,43,46,37,59,30,1,95,53.6,Developing
3,83,42,27,71,29,61,1,85,58.050000000000004,Developing
4,34,49,84,50,71,32,1,30,53.300000000000004,Developing
4,48,22,76,78,91,55,1,37,58.00000000000001,Developing
1,52,30,59,91,94,32,1,71,61.0,Developing
1,46,50,33,99,80,31,1,65,59.3,Developing
4,55,44,54,93,83,56,1,63,64.3,Developing
3,48,32,67,50,24,93,0,41,46.949999999999996,Developing
2,57,16,75,58,72,92,1,72,60.300000000000004,Developing
4,76,63,68,100,74,71,0,78,71.5,Placement Ready
1,46,91,32,58,56,90,1,49,63.099999999999994,Developing
3,74,18,80,85,75,21,1,27,56.75000000000001,Developing
4,52,89,68,80,78,75,0,76,70.69999999999999,Placement Ready
4,87,21,65,12,88,79,1,92,59.7,Developing
3,85,88,81,19,92,42,0,39,62.650000000000006,Developing
4,29,53,27,98,78,59,1,44,56.8,Developing
3,24,27,62,44,21,83,0,38,39.099999999999994,Not Ready
2,93,45,39,89,84,42,1,24,62.15,Developing
3,57,85,58,11,79,48,0,94,57.99999999999999,Developing
3,32,77,68,33,70,97,0,98,61.85000000000001,Developing
3,50,70,83,83,49,70,1,91,72.4,Placement Ready
4,66,56,81,47,30,88,1,46,61.699999999999996,Developing
4,71,75,73,31,95,50,0,59,61.64999999999999,Developing
3,75,56,28,35,58,69,1,45,54.1,Developing
4,34,70,56,52,96,39,0,46,53.4,Developing
1,48,50,68,64,91,74,1,81,66.6,Developing
1,27,98,60,48,82,100,0,69,64.95000000000002,Developing
4,24,82,36,100,83,21,1,61,61.900000000000006,Developing
4,48,21,40,38,80,44,0,48,40.3,Not Ready
3,66,68,70,29,73,32,1,58,59.650000000000006,Developing
2,87,15,78,100,92,89,0,79,68.75,Developing
4,95,58,58,50,77,86,0,60,64.35,Developing
1,64,59,74,63,75,77,1,52,67.35000000000001,Developing
3,21,61,60,29,53,94,1,35,51.9,Developing
4,46,27,58,28,50,83,0,42,42.7,Not Ready
1,55,36,32,93,71,88,0,26,52.70000000000001,Developing
1,55,35,83,75,95,78,0,45,60.75,Developing
2,45,100,30,39,20,79,0,31,50.1,Developing
3,62,23,38,62,74,81,1,91,58.5,Developing
3,46,40,30,43,41,35,0,24,35.85,Not Ready
2,88,23,96,31,59,87,0,88,60.25,Developing
2,39,29,65,76,20,34,0,68,45.0,Developing
3,30,24,64,15,84,74,1,45,46.449999999999996,Developing
3,93,56,20,88,82,54,0,24,57.349999999999994,Developing
4,57,86,59,36,73,74,1,41,63.8,Developing
4,25,38,38,19,61,33,1,98,44.10000000000001,Not Ready
2,91,94,95,82,40,68,1,32,78.0,Placement Ready
4,42,63,91,57,98,26,1,47,63.20000000000001,Developing
1,66,40,91,79,100,49,1,52,68.5,Developing
4,65,51,80,68,41,68,1,42,62.250000000000014,Developing
4,31,82,31,68,57,35,1,37,53.800000000000004,Developing
1,32,64,80,11,99,70,0,49,53.05,Developing
2,81,38,52,38,27,91,0,45,49.550000000000004,Developing
1,79,33,64,77,81,99,1,35,66.1,Developing
4,62,74,88,74,66,61,0,96,70.7,Placement Ready
2,95,53,27,92,36,36,0,58,55.7,Developing
4,87,88,44,35,36,82,1,52,64.5,Developing
1,24,32,65,98,32,64,0,45,48.550000000000004,Developing
1,56,33,49,19,36,96,1,67,50.10000000000001,Developing
4,91,50,66,62,57,26,0,84,59.55,Developing
3,50,88,68,88,100,46,1,57,73.8,Placement Ready
3,28,69,66,68,97,29,1,21,57.8,Developing
1,70,83,37,31,64,53,0,25,51.5,Developing
1,48,61,85,60,25,55,0,65,55.65,Developing
3,97,63,87,57,54,44,1,69,70.44999999999999,Placement Ready
3,59,47,52,30,33,25,1,57,47.050000000000004,Developing
4,60,35,55,31,91,43,1,37,51.0,Developing
4,30,95,38,39,80,37,0,46,51.35,Developing
3,42,36,47,34,34,25,0,60,37.55,Not Ready
4,20,62,59,37,73,48,0,91,51.00000000000001,Developing
4,65,51,95,74,46,44,0,93,63.60000000000001,Developing
2,40,29,34,54,32,74,1,36,44.2,Not Ready
4,55,49,60,77,50,100,1,81,66.7,Developing
1,73,85,58,16,54,65,1,48,60.75,Developing
4,76,46,21,58,79,43,1,77,57.35,Developing
4,20,25,82,18,25,94,0,89,43.8,Not Ready
3,82,24,48,45,88,45,1,97,59.050000000000004,Developing
1,73,87,93,92,77,47,1,41,77.6,Placement Ready
4,74,92,85,10,68,22,0,25,55.25,Developing
4,59,91,70,19,42,94,0,45,58.5,Developing
2,34,71,94,45,53,57,1,58,61.95,Developing
4,40,39,96,82,45,80,0,31,56.1,Developing
4,66,16,29,55,66,97,1,33,50.300000000000004,Developing
2,92,78,33,41,24,70,0,41,54.0,Developing
3,72,49,70,41,39,67,0,70,54.85,Developing
4,28,21,92,15,25,40,1,42,40.150000000000006,Not Ready
2,93,99,58,57,89,73,0,67,73.9,Placement Ready
1,71,32,47,47,78,75,1,90,60.45,Developing
3,76,81,22,26,83,78,0,69,57.800000000000004,Developing
1,45,56,89,83,37,91,0,32,59.75000000000001,Developing
1,60,53,46,36,23,70,0,29,44.099999999999994,Not Ready
2,54,55,21,63,36,39,0,74,46.599999999999994,Developing
4,82,89,57,59,33,78,0,28,61.39999999999999,Developing
2,44,38,22,44,97,90,1,98,57.60000000000001,Developing
2,94,74,35,94,32,28,0,71,61.35,Developing
2,57,60,59,34,26,20,1,21,46.2,Developing
2,21,33,21,37,63,48,0,44,33.95,Not Ready
3,26,82,100,24,34,82,1,32,58.7,Developing
4,53,56,60,13,38,91,0,70,50.0,Developing
1,36,46,31,82,82,75,1,77,59.95,Developing
1,62,53,54,36,54,87,1,53,57.8,Developing
4,78,50,84,35,100,54,0,54,60.349999999999994,Developing
1,70,50,74,28,54,22,0,22,45.60000000000001,Developing
4,73,17,64,26,38,26,0,78,42.05,Not Ready
1,43,87,98,52,39,46,1,89,68.75,Developing
2,44,22,81,50,54,20,1,67,49.75,Developing
1,90,84,68,51,51,99,0,83,71.45,Placement Ready
4,71,55,44,59,67,90,0,38,56.6,Developing
4,89,82,42,93,63,63,1,86,76.19999999999999,Placement Ready
4,52,27,43,49,43,60,1,92,51.5,Developing
4,68,63,57,48,80,94,0,95,65.44999999999999,Developing
4,48,74,47,32,36,61,1,24,50.95,Developing
3,82,16,40,61,90,52,0,86,53.45,Developing
3,41,74,73,56,69,69,0,30,57.099999999999994,Developing
1,45,19,37,72,84,82,0,87,52.2,Developing
4,47,58,55,78,51,56,1,88,63.10000000000001,Developing
1,68,41,64,52,55,78,1,20,56.099999999999994,Developing
4,90,46,92,57,32,100,1,82,71.45,Placement Ready
4,100,35,72,43,89,67,1,48,64.65,Developing
3,68,22,49,49,77,24,0,31,42.5,Not Ready
3,39,86,79,84,33,67,1,96,72.1,Placement Ready
2,82,64,51,70,56,22,0,60,57.050000000000004,Developing
3,80,81,86,59,98,66,0,21,68.44999999999999,Developing
2,68,58,86,76,87,81,0,56,68.5,Developing
2,90,72,47,71,59,33,1,64,66.19999999999999,Developing
2,20,17,63,67,78,82,0,99,51.800000000000004,Developing
2,32,100,98,42,99,80,0,67,70.39999999999999,Placement Ready
2,70,84,60,84,35,50,1,43,66.7,Developing
1,75,16,82,25,81,36,0,41,46.300000000000004,Developing
3,81,58,42,91,23,43,1,30,58.3,Developing
2,51,16,94,57,64,42,1,77,56.800000000000004,Developing
4,49,95,67,19,47,69,1,65,62.35,Developing
3,48,49,51,91,85,97,0,48,61.3,Developing
3,68,44,76,47,50,98,1,54,62.65,Developing
2,64,22,52,28,22,98,1,34,46.4,Developing
1,49,36,43,45,27,89,1,79,52.25,Developing
2,35,58,58,68,43,46,1,61,55.75,Developing
1,59,72,53,72,34,34,0,62,55.0,Developing
4,38,50,75,86,62,69,1,99,67.85000000000001,Developing
3,37,83,47,55,50,55,0,93,57.25,Developing
4,20,91,56,12,92,27,1,68,55.10000000000001,Developing
1,97,45,26,83,64,98,0,83,64.39999999999999,Developing
1,66,61,87,74,85,22,1,51,67.05,Developing
4,85,69,56,100,27,81,0,83,69.05000000000001,Developing
1,57,94,75,17,90,66,1,21,63.85,Developing
4,70,76,84,60,76,96,0,43,68.8,Developing
3,82,44,84,90,99,80,0,85,73.6,Placement Ready
4,23,69,66,82,49,51,0,57,55.15,Developing
3,20,30,39,15,93,32,1,50,39.6,Not Ready
4,27,26,38,98,37,20,0,45,39.85,Not Ready
1,48,31,48,48,88,53,0,48,46.69999999999999,Developing
4,74,30,93,69,58,81,0,86,63.900000000000006,Developing
1,22,26,79,37,79,98,0,97,53.30000000000001,Developing
4,51,22,37,63,62,97,1,44,52.35,Developing
4,29,98,54,46,64,90,0,67,61.050000000000004,Developing
2,93,17,62,18,42,50,0,84,46.949999999999996,Developing
1,53,30,30,91,88,83,0,72,56.400000000000006,Developing
2,74,44,68,65,25,44,1,86,60.349999999999994,Developing
1,51,37,57,68,75,57,0,37,50.7,Developing
2,69,19,83,94,23,33,0,28,49.099999999999994,Developing
3,26,98,88,11,42,27,0,57,50.95000000000001,Developing
4,27,79,27,70,25,73,0,40,48.2,Developing
1,84,44,53,67,51,21,1,84,60.0,Developing
1,76,35,67,69,37,100,0,40,56.5,Developing
4,86,98,75,49,34,97,0,46,68.8,Developing
1,78,84,95,45,59,75,1,89,76.80000000000001,Placement Ready
1,91,36,84,46,92,80,1,63,68.85000000000001,Developing
2,73,96,50,88,93,41,1,47,73.95,Placement Ready
1,86,86,23,27,25,54,0,64,51.9,Developing
3,70,46,69,72,82,35,1,36,61.150000000000006,Developing
3,27,47,88,31,86,69,0,59,52.699999999999996,Developing
4,53,30,49,20,30,62,1,22,40.7,Not Ready
1,54,90,78,67,62,36,0,95,67.15,Developing
4,97,52,86,66,36,99,1,95,75.75,Placement Ready
3,51,28,94,86,23,77,0,85,58.75,Developing
1,65,50,64,13,82,21,1,65,53.1,Developing
1,35,37,23,95,87,23,0,49,46.25,Developing
4,87,80,45,16,100,58,0,88,62.8,Developing
3,56,99,46,70,60,25,0,28,56.9,Developing
1,73,16,65,63,24,100,0,30,48.74999999999999,Developing
4,33,87,83,97,51,88,0,88,72.05,Placement Ready
3,74,79,70,77,89,88,0,85,75.14999999999999,Placement Ready
4,67,89,69,88,54,39,0,50,65.7,Developing
2,26,81,25,10,41,83,0,52,42.95,Not Ready
1,93,66,78,64,84,35,1,58,71.14999999999999,Placement Ready
2,26,76,34,12,41,70,0,65,43.60000000000001,Not Ready
3,52,37,49,87,30,56,0,56,49.8,Developing
2,42,40,61,47,96,92,1,79,62.20000000000001,Developing
2,38,82,56,10,22,88,0,50,48.0,Developing
3,38,96,61,47,28,61,1,30,58.0,Developing
4,55,69,54,94,79,76,0,21,61.85,Developing
2,48,20,25,38,95,85,1,46,48.25,Developing
4,79,49,87,14,33,28,1,21,49.99999999999999,Developing
2,21,36,37,83,37,83,0,40,44.349999999999994,Not Ready
4,20,57,92,30,92,41,1,77,58.70000000000001,Developing
3,66,29,48,80,42,53,0,24,46.800000000000004,Developing
2,88,100,96,76,93,74,0,71,82.8,Placement Ready
3,39,74,78,56,66,48,0,64,58.54999999999999,Developing
2,30,26,66,93,88,57,0,39,51.949999999999996,Developing
3,21,63,36,92,66,37,1,80,58.25000000000001,Developing
3,86,56,41,44,49,90,0,57,56.45,Developing
2,31,52,87,77,44,84,1,39,61.349999999999994,Developing
2,39,96,88,78,47,20,1,44,66.05000000000001,Developing
2,24,59,56,10,44,23,0,21,34.1,Not Ready
1,56,49,68,77,93,23,0,51,56.65,Developing
4,57,44,32,21,97,46,0,45,44.1,Not Ready
1,28,44,53,69,77,62,0,89,54.1,Developing
1,72,92,72,36,60,78,1,60,70.2,Placement Ready
3,63,20,70,65,44,51,0,86,51.800000000000004,Developing
2,43,81,22,32,97,52,1,20,52.650000000000006,Developing
4,100,94,61,34,67,47,0,70,66.45,Developing
3,93,21,51,30,29,74,0,24,42.99999999999999,Not Ready
1,49,66,70,70,94,79,0,32,62.05,Developing
2,78,28,65,72,30,89,0,38,53.55,Developing
3,100,87,40,61,40,81,1,31,67.75,Developing
2,100,29,63,97,64,99,1,67,72.8,Placement Ready
3,33,35,30,34,26,53,0,44,33.85,Not Ready
2,28,49,87,64,100,75,1,76,66.75,Developing
1,59,80,20,55,83,32,1,54,58.00000000000001,Developing
4,85,16,82,41,83,75,0,95,59.7,Developing
1,44,49,43,64,21,37,0,24,40.65,Not Ready
4,92,96,32,14,95,73,1,41,65.8,Developing
2,41,92,30,45,61,96,1,96,66.1,Developing
3,23,34,70,58,73,62,1,76,55.550000000000004,Developing
1,45,96,36,67,94,58,1,66,68.19999999999999,Developing
4,77,24,43,48,35,80,0,73,48.8,Developing
1,48,39,38,89,37,61,0,22,46.050000000000004,Developing
4,56,80,56,94,78,100,1,72,76.9,Placement Ready
1,94,39,27,70,35,98,0,50,54.75,Developing
4,89,68,47,18,25,37,1,88,56.7,Developing
4,37,47,24,15,76,42,1,52,42.800000000000004,Not Ready
2,61,50,36,44,66,73,0,91,54.15,Developing
4,60,28,55,48,67,49,1,69,53.55,Developing
2,57,79,38,31,61,77,1,35,57.00000000000001,Developing
4,53,94,83,50,95,87,0,95,74.4,Placement Ready
3,36,68,30,14,79,86,0,96,51.7,Developing
3,56,66,73,51,96,90,1,58,69.6,Developing
3,44,17,64,96,23,37,1,65,51.5,Developing
4,95,55,66,90,21,26,0,66,59.95,Developing
2,46,20,31,85,78,59,1,63,53.3,Developing
2,76,39,40,96,46,89,1,28,60.9,Developing
4,50,27,30,89,46,84,0,69,50.65,Developing
3,25,22,24,76,98,87,0,96,51.25000000000001,Developing
3,59,35,100,39,91,68,0,79,60.50000000000001,Developing
2,31,82,75,66,26,71,0,34,55.3,Developing
3,72,39,39,95,82,48,0,55,57.2,Developing
1,90,93,60,82,65,40,0,82,72.1,Placement Ready
2,29,82,65,38,82,97,1,88,67.9,Developing
3,64,59,31,46,31,28,1,99,53.74999999999999,Developing
2,36,74,89,96,32,66,0,60,63.75,Developing
1,45,26,36,22,62,95,0,93,45.64999999999999,Developing
2,81,46,38,41,36,61,1,43,52.2,Developing
2,65,27,45,55,82,70,1,68,57.150000000000006,Developing
2,83,45,67,32,100,75,1,37,62.5,Developing
2,21,92,71,54,55,70,0,26,55.400000000000006,Developing
1,73,34,89,26,27,89,0,23,48.9,Developing
4,84,32,74,94,88,39,1,88,70.7,Placement Ready
2,70,74,94,75,99,46,0,79,73.05,Placement Ready
2,72,77,52,15,55,57,0,74,54.85,Developing
3,55,20,81,27,47,91,0,35,45.75,Developing
2,45,46,42,31,66,84,1,48,51.7,Developing
3,48,57,34,42,95,73,1,42,56.0,Developing
4,40,16,46,39,49,43,0,33,34.449999999999996,Not Ready
1,30,74,94,90,42,66,0,98,67.5,Developing
1,59,37,83,41,35,90,0,68,54.150000000000006,Developing
4,30,97,100,51,33,82,0,52,63.25000000000001,Developing
1,55,45,70,87,93,76,0,44,62.099999999999994,Developing
4,78,19,72,19,90,74,1,40,54.55,Developing
4,58,97,97,45,71,79,0,36,68.0,Developing
4,73,48,70,43,56,81,0,42,55.400000000000006,Developing
1,74,24,66,82,48,49,0,76,55.400000000000006,Developing
3,43,16,23,37,86,41,1,100,46.35,Developing
4,41,25,26,20,34,94,1,77,43.55,Not Ready
2,88,64,54,87,66,48,0,33,61.849999999999994,Developing
1,75,45,67,48,65,60,1,39,58.9,Developing
4,52,70,92,56,71,61,1,49,67.10000000000001,Developing
4,55,93,91,28,38,84,1,38,65.7,Developing
2,39,87,64,24,96,50,1,72,63.25000000000001,Developing
3,100,97,100,37,40,49,1,75,76.35,Placement Ready
3,81,23,100,33,83,37,1,96,63.300000000000004,Developing
3,92,35,91,81,56,36,0,42,60.0,Developing
4,45,87,38,18,46,57,1,81,55.95000000000001,Developing
4,85,42,82,56,74,33,1,52,62.74999999999999,Developing
4,92,76,57,42,48,98,0,37,62.14999999999999,Developing
1,92,21,86,71,39,75,0,92,62.15,Developing
2,59,94,78,28,44,41,0,52,57.25,Developing
4,36,30,88,76,89,86,0,51,58.6,Developing
2,20,18,32,83,82,75,1,80,52.55,Developing
2,80,18,66,49,55,38,1,73,54.45,Developing
3,62,54,80,56,21,76,1,36,58.800000000000004,Developing
1,61,31,50,74,41,63,1,38,53.150000000000006,Developing
4,44,66,99,38,35,54,0,89,58.15,Developing
3,58,66,41,59,37,20,1,53,52.900000000000006,Developing
3,54,50,62,22,88,71,1,44,56.0,Developing
4,22,52,86,10,73,89,0,87,53.00000000000001,Developing
2,63,64,73,43,49,56,1,93,64.45,Developing
3,70,77,29,57,64,84,1,93,67.89999999999999,Developing
2,31,77,61,86,38,70,1,30,60.9,Developing
1,38,76,83,57,53,20,1,35,57.7,Developing
2,63,21,40,58,32,40,0,80,43.55,Not Ready
1,78,41,99,73,62,72,0,99,69.00000000000001,Developing
2,68,100,95,70,81,35,0,26,69.15,Developing
3,80,28,85,38,41,80,0,35,51.650000000000006,Developing
3,36,85,60,48,71,73,0,35,56.5,Developing
1,93,100,43,97,71,59,1,59,78.85000000000001,Placement Ready
4,76,19,54,35,55,45,1,31,46.65,Developing
1,74,69,75,26,92,99,0,54,64.55,Developing
1,66,16,49,80,38,84,0,40,48.65,Developing
2,31,76,76,22,57,93,0,69,56.449999999999996,Developing
2,81,35,66,78,89,83,1,62,69.15,Developing
1,99,93,54,35,98,62,0,36,66.4,Developing
3,27,35,38,58,76,36,1,51,46.75,Developing
2,40,24,27,76,39,78,1,60,48.95,Developing
4,100,72,45,16,28,42,1,25,53.05,Developing
2,99,53,90,67,51,26,1,46,66.3,Developing
2,89,19,49,58,23,63,0,39,45.699999999999996,Developing
4,91,79,26,62,69,72,1,44,66.15,Developing
1,44,27,86,74,24,90,1,85,60.9,Developing
4,31,99,84,71,39,98,0,28,64.19999999999999,Developing
1,34,99,55,26,94,53,1,72,63.95,Developing
1,78,67,44,52,56,65,1,80,64.6,Developing
1,45,96,56,34,41,87,1,57,62.95000000000001,Developing
4,45,59,20,12,77,97,0,22,42.95,Not Ready
1,66,46,34,88,87,97,1,89,69.70000000000002,Developing
3,51,50,56,38,63,35,1,74,53.949999999999996,Developing
4,29,95,32,41,53,90,0,20,50.60000000000001,Developing
3,35,74,27,35,96,38,0,89,51.65,Developing
1,90,25,24,25,61,21,1,64,45.45,Developing
2,36,77,79,34,28,29,1,66,55.05,Developing
1,42,35,92,63,26,69,0,98,55.849999999999994,Developing
3,45,66,20,37,87,100,1,45,56.7,Developing
3,26,69,55,82,38,31,0,33,48.449999999999996,Developing
4,33,40,54,65,50,89,1,73,57.0,Developing
2,98,82,85,74,54,41,0,90,73.45,Placement Ready
4,26,48,82,95,76,51,1,65,64.25,Developing
3,28,66,42,89,80,20,0,50,52.050000000000004,Developing
1,67,96,28,50,50,73,0,78,61.05,Developing
2,91,66,53,60,72,77,0,48,63.5,Developing
1,78,43,65,80,51,89,0,36,59.65,Developing
1,58,52,97,87,85,37,0,33,62.199999999999996,Developing
2,37,56,23,38,78,25,1,55,46.7,Developing
4,78,35,49,92,29,64,1,77,61.849999999999994,Developing
1,36,56,94,28,21,42,0,43,45.50000000000001,Developing
3,33,27,91,75,85,42,1,82,61.150000000000006,Developing
1,50,78,22,50,79,45,1,44,55.7,Developing
2,43,31,33,54,36,96,1,78,51.7,Developing
2,79,23,79,24,35,26,1,51,48.1,Developing
2,64,55,96,12,35,98,1,37,58.8,Developing
4,22,15,64,20,65,63,1,56,42.300000000000004,Not Ready
1,56,16,53,62,58,46,0,45,43.75000000000001,Not Ready
4,62,74,64,55,50,45,1,28,59.25,Developing
4,59,62,80,39,20,98,1,83,64.2,Developing
2,74,43,35,66,30,55,1,91,57.45,Developing
2,58,24,85,27,23,74,0,39,43.9,Not Ready
4,34,72,59,60,90,83,1,73,66.95,Developing
1,23,74,36,57,45,76,1,49,54.199999999999996,Developing
3,44,35,53,75,69,88,1,72,60.7,Developing
4,32,42,35,17,31,80,0,82,40.300000000000004,Not Ready
1,52,89,79,31,100,21,1,30,62.2,Developing
2,35,48,85,15,94,74,0,50,51.65,Developing
2,61,22,85,85,84,99,1,68,69.14999999999999,Developing
1,85,73,32,66,66,57,0,38,58.15,Developing
3,74,100,75,45,72,99,0,31,69.3,Developing
2,61,86,50,88,90,97,0,34,69.15,Developing
2,53,63,53,66,21,48,1,50,55.3,Developing
2,49,93,58,58,43,45,0,62,58.35000000000001,Developing
1,32,31,86,54,23,54,0,56,45.3,Developing
4,32,74,27,91,38,98,0,98,60.7,Developing
2,37,59,97,75,45,86,0,48,61.05,Developing
4,51,97,74,86,94,48,1,45,74.75,Placement Ready
3,58,83,46,54,59,53,1,21,58.6,Developing
2,65,46,72,88,69,60,1,34,64.25,Developing
2,48,58,58,29,62,60,1,23,51.35,Developing
3,81,79,84,73,94,42,0,69,72.0,Placement Ready
2,81,22,36,76,86,90,1,57,61.650000000000006,Developing
4,76,91,49,92,31,22,0,42,60.25000000000001,Developing
1,35,86,72,12,86,77,1,78,64.15,Developing
4,75,57,32,63,46,51,1,94,61.0,Developing
1,29,15,40,87,73,50,1,47,48.400000000000006,Developing
1,49,65,38,73,85,62,0,85,60.2,Developing
4,44,38,72,49,68,26,1,27,49.45000000000001,Developing
4,24,38,38,68,35,20,1,48,42.39999999999999,Not Ready
4,84,31,76,64,21,80,1,30,57.900000000000006,Developing
4,68,19,44,71,79,33,0,37,46.15,Developing
3,22,34,50,13,73,71,1,74,46.35,Developing
2,64,35,100,69,49,25,1,69,61.25,Developing
1,33,72,74,84,57,29,0,33,54.95,Developing
4,49,45,42,100,47,90,0,93,60.650000000000006,Developing
4,87,25,51,39,44,49,1,28,48.64999999999999,Developing
4,37,66,81,11,29,40,1,30,47.449999999999996,Developing
3,81,29,93,71,79,79,1,82,71.55,Placement Ready
4,56,97,29,58,61,100,0,95,66.45000000000002,Developing
4,44,21,91,18,59,93,0,86,50.95000000000001,Developing
4,67,42,73,40,96,82,0,72,60.400000000000006,Developing
2,84,65,71,70,61,61,1,58,69.75,Developing
3,72,72,39,88,66,70,0,97,67.55,Developing
4,98,19,51,57,56,83,1,75,61.099999999999994,Developing
1,92,19,33,34,99,95,0,47,51.75,Developing
1,34,22,69,45,41,75,0,94,47.6,Developing
1,68,78,47,17,76,99,0,58,58.7,Developing
3,87,24,72,82,46,60,1,44,60.949999999999996,Developing
3,31,52,43,67,60,51,1,40,51.65,Developing
1,78,95,98,54,99,34,1,29,74.7,Placement Ready
4,56,22,41,71,53,81,1,62,54.20000000000001,Developing
3,80,39,49,48,51,46,0,34,47.449999999999996,Developing
1,62,87,82,67,85,47,1,67,73.95,Placement Ready
1,89,80,23,90,31,100,0,40,63.400000000000006,Developing
4,58,93,96,92,59,83,1,79,82.60000000000001,Placement Ready
2,75,64,78,73,92,78,1,69,75.60000000000001,Placement Ready
3,82,81,27,53,95,77,0,42,61.900000000000006,Developing
4,65,63,31,38,92,21,0,32,47.20000000000001,Developing
1,30,50,50,68,29,55,1,88,54.400000000000006,Developing
1,81,82,97,80,67,90,1,23,78.10000000000001,Placement Ready
4,96,92,53,18,39,32,0,97,60.25000000000001,Developing
3,44,55,94,15,58,34,0,91,52.25,Developing
2,90,76,95,38,79,79,0,28,67.25,Developing
2,71,24,68,67,85,41,0,54,53.699999999999996,Developing
1,23,35,98,26,84,82,0,40,49.65,Developing
3,78,50,76,25,70,94,1,77,65.95,Developing
2,91,26,45,96,55,93,1,37,63.5,Developing
3,39,16,37,12,43,44,1,91,39.2,Not Ready
3,82,27,57,30,46,67,1,100,57.050000000000004,Developing
1,73,67,100,73,21,62,0,62,64.8,Developing
2,93,46,69,99,50,57,0,25,61.550000000000004,Developing
4,76,30,27,45,76,60,0,97,51.5,Developing
1,60,46,60,95,97,64,1,86,71.15,Placement Ready
2,22,46,25,71,85,59,0,31,44.4,Not Ready
2,25,25,88,51,48,36,0,31,41.1,Not Ready
2,24,24,63,85,34,76,1,85,55.1,Developing
2,24,29,83,51,31,21,1,21,41.800000000000004,Not Ready
2,73,31,48,70,47,81,1,34,56.05,Developing
3,66,54,47,22,43,28,0,42,42.35,Not Ready
1,68,32,30,20,40,87,0,48,41.60000000000001,Not Ready
3,28,69,84,63,29,100,1,100,67.94999999999999,Developing
4,39,87,38,25,97,36,1,26,53.60000000000001,Developing
2,80,39,28,17,37,69,0,47,41.85,Not Ready
1,54,73,46,68,33,59,1,33,57.29999999999999,Developing
2,69,92,53,66,53,77,0,63,65.9,Developing
1,81,36,63,49,77,94,1,49,63.15,Developing
3,36,44,87,68,95,40,1,100,65.95,Developing
1,22,98,34,11,41,37,1,51,47.550000000000004,Developing
4,51,99,70,85,89,74,0,89,75.9,Placement Ready
4,32,58,32,19,55,48,0,25,36.85000000000001,Not Ready
1,92,46,68,53,64,43,1,46,61.45,Developing
1,87,65,89,20,55,93,0,43,61.5,Developing
1,33,60,75,88,41,36,1,53,59.400000000000006,Developing
1,30,35,95,89,97,37,1,59,63.400000000000006,Developing
4,75,46,70,90,99,61,0,66,67.05,Developing
2,86,53,56,99,80,64,0,98,70.95,Placement Ready
1,48,26,36,11,75,36,0,94,39.949999999999996,Not Ready
1,28,61,77,59,52,92,0,43,55.50000000000001,Developing
4,86,32,48,21,64,33,1,84,52.74999999999999,Developing
4,44,35,52,99,55,68,0,37,52.25,Developing
3,95,27,79,32,39,48,0,63,51.3,Developing
1,61,35,74,27,37,23,1,95,51.8,Developing
3,28,22,29,71,57,39,1,76,45.800000000000004,Developing
4,98,60,66,71,86,66,1,47,72.15,Placement Ready
4,59,21,42,47,42,28,1,90,47.4,Developing
2,44,37,40,76,35,96,0,42,48.7,Developing
1,24,89,32,47,78,98,0,53,56.14999999999999,Developing
3,30,100,52,76,88,46,1,30,65.1,Developing
4,78,36,43,70,87,34,1,54,58.349999999999994,Developing
4,98,36,30,10,40,38,0,61,41.8,Not Ready
3,57,43,36,54,97,71,0,47,52.150000000000006,Developing
2,91,27,87,37,97,45,0,97,61.550000000000004,Developing
4,24,96,66,30,89,45,0,43,54.9,Developing
1,67,16,44,22,31,45,0,27,33.45,Not Ready
4,37,43,92,36,35,65,1,72,55.55,Developing
1,89,99,40,16,100,68,1,91,72.44999999999999,Placement Ready
3,56,93,31,31,33,72,1,23,54.099999999999994,Developing
1,79,66,56,83,80,22,1,24,63.50000000000001,Developing
3,67,41,61,62,90,85,0,68,61.0,Developing
1,96,64,36,88,65,61,1,49,68.3,Developing
3,47,93,67,88,51,38,0,91,66.9,Developing
1,88,37,47,13,34,36,0,82,44.800000000000004,Not Ready
2,96,58,60,32,63,52,0,66,57.9,Developing
1,100,91,66,79,36,95,0,45,72.55000000000001,Placement Ready
1,59,36,37,97,60,68,0,76,56.550000000000004,Developing
2,64,57,97,93,73,75,0,56,69.89999999999999,Developing
4,81,51,90,93,63,82,0,26,66.89999999999999,Developing
4,77,75,32,85,24,22,1,59,59.599999999999994,Developing
1,86,70,32,42,46,68,0,58,55.2,Developing
2,75,17,50,37,97,74,1,81,57.9,Developing
1,59,77,21,17,98,45,1,97,58.95,Developing
3,59,33,35,10,62,91,0,72,44.7,Not Ready
3,96,37,28,46,50,71,0,23,47.3,Developing
1,52,43,92,72,36,26,1,44,56.599999999999994,Developing
4,25,44,57,31,73,65,1,26,47.15,Developing
4,38,53,94,79,81,65,1,47,66.55,Developing
1,99,39,73,30,51,35,1,88,60.5,Developing
1,59,22,75,44,59,43,0,86,49.9,Developing
3,78,72,64,88,32,80,0,39,64.00000000000001,Developing
4,78,30,53,14,54,73,0,30,43.45,Not Ready
1,67,86,28,69,24,81,1,86,65.89999999999999,Developing
3,60,15,27,55,92,20,0,26,38.1,Not Ready
4,32,19,26,59,48,68,1,42,42.150000000000006,Not Ready
2,64,17,55,57,89,44,0,80,51.099999999999994,Developing
3,72,79,37,15,44,29,1,90,55.699999999999996,Developing
4,61,18,22,98,41,99,0,53,50.05,Developing
4,82,78,47,65,85,35,0,38,60.49999999999999,Developing
3,46,24,89,68,64,77,1,77,62.050000000000004,Developing
2,57,35,63,38,88,91,1,28,56.4,Developing
3,79,60,40,80,91,48,1,67,67.45,Developing
4,26,41,47,86,20,25,1,60,47.550000000000004,Developing
1,24,80,73,27,63,35,1,67,56.10000000000001,Developing
1,64,55,73,11,94,39,0,64,52.9,Developing
3,77,27,84,17,58,99,1,44,57.19999999999999,Developing
4,50,23,40,84,73,90,0,97,56.7,Developing
1,42,50,32,63,94,97,0,44,54.050000000000004,Developing
4,61,100,76,47,48,62,0,38,62.39999999999999,Developing
3,29,72,68,57,73,45,0,58,55.099999999999994,Developing
1,51,68,73,36,35,97,0,98,60.60000000000001,Developing
4,72,26,29,29,39,90,1,99,52.5,Developing
1,49,95,72,21,65,52,1,46,61.6,Developing
3,58,92,63,52,86,45,0,93,66.75,Developing
4,50,28,66,70,84,64,0,82,56.5,Developing
1,21,48,72,40,77,82,1,87,59.150000000000006,Developing
3,97,67,93,100,72,86,1,38,81.49999999999999,Placement Ready
1,96,34,65,70,20,71,0,47,55.25000000000001,Developing
1,31,89,32,83,100,87,1,97,73.10000000000001,Placement Ready
2,58,30,56,76,85,45,1,52,57.7,Developing
2,85,84,43,100,48,94,1,29,73.10000000000001,Placement Ready
3,32,70,21,44,89,21,0,49,44.449999999999996,Not Ready
2,65,97,100,24,27,33,1,41,62.85000000000001,Developing
3,46,72,33,25,48,49,0,22,41.9,Not Ready
2,36,18,29,22,70,68,0,94,39.85,Not Ready
1,79,18,54,44,52,31,0,67,45.150000000000006,Developing
3,83,34,44,84,22,63,0,21,49.050000000000004,Developing
3,54,24,22,68,79,52,0,95,49.0,Developing
1,89,38,36,30,54,32,1,73,51.75,Developing
3,49,40,31,63,88,97,0,25,50.45,Developing
3,90,51,73,84,95,45,0,59,67.15,Developing
2,93,99,43,39,39,40,0,21,56.050000000000004,Developing
3,82,68,48,57,92,47,1,92,69.75,Developing
4,47,35,62,44,58,67,1,21,49.550000000000004,Developing
1,79,88,44,95,23,59,1,93,72.8,Placement Ready
2,98,52,79,47,38,85,1,74,68.7,Developing
2,56,60,84,40,64,92,1,91,68.7,Developing
4,41,18,47,87,62,98,1,79,58.75000000000001,Developing
1,87,74,35,33,32,96,1,25,58.35000000000001,Developing
1,39,71,66,58,32,42,0,38,49.85000000000001,Developing
2,87,59,100,41,79,100,0,46,68.5,Developing
3,83,34,77,64,76,67,1,20,61.7,Developing
2,36,31,95,88,71,21,0,52,53.45,Developing
1,31,85,46,67,72,39,0,59,55.599999999999994,Developing
4,41,18,72,12,62,78,1,51,46.449999999999996,Developing
2,36,28,61,89,91,65,0,88,57.900000000000006,Developing
1,29,17,78,78,91,22,0,36,46.050000000000004,Developing
2,84,94,66,94,61,74,1,27,76.60000000000001,Placement Ready
3,41,72,53,19,45,31,0,76,46.550000000000004,Developing
2,69,69,56,92,42,59,1,61,67.55,Developing
2,33,18,25,34,62,85,1,28,39.89999999999999,Not Ready
1,83,38,26,77,96,97,0,54,60.2,Developing
1,66,48,44,70,47,35,0,90,53.800000000000004,Developing
1,48,44,52,38,28,53,0,98,47.39999999999999,Developing
2,95,96,74,28,39,63,1,72,71.15,Placement Ready
3,55,33,77,52,75,25,1,73,56.5,Developing
4,71,45,26,75,58,96,1,44,59.599999999999994,Developing
4,95,74,76,83,70,83,0,86,76.8,Placement Ready
1,26,74,31,70,31,41,0,81,49.15,Developing
1,48,33,35,52,98,37,1,74,52.75000000000001,Developing
2,30,63,99,34,74,31,0,65,54.050000000000004,Developing
4,52,77,62,29,97,71,0,43,57.95,Developing
1,25,97,96,57,30,70,1,65,67.6,Developing
3,98,36,26,92,45,90,1,41,62.199999999999996,Developing
3,51,38,70,96,61,67,0,30,55.95,Developing
1,70,90,92,33,46,38,1,67,67.35,Developing
1,94,44,51,20,30,25,0,27,41.75,Not Ready
4,77,72,94,64,57,46,1,58,70.75,Placement Ready
4,45,45,27,37,62,72,1,54,49.15,Developing
2,65,78,91,78,38,67,1,68,73.0,Placement Ready
4,48,33,64,72,83,26,0,65,51.6,Developing
3,23,62,78,68,25,78,0,57,53.75,Developing
3,100,59,23,14,65,88,1,27,55.35000000000001,Developing
1,32,69,86,60,61,30,1,73,61.900000000000006,Developing
4,58,69,48,30,84,34,1,56,56.6,Developing
2,34,32,48,21,91,83,0,59,45.15,Developing
3,48,77,47,59,78,22,1,53,58.8,Developing
3,48,61,96,13,71,88,1,98,66.45,Developing
2,94,89,98,51,66,42,1,36,73.64999999999999,Placement Ready
2,51,71,63,93,26,72,1,52,65.25,Developing
3,21,59,23,47,30,56,0,66,40.650000000000006,Not Ready
3,66,47,28,34,80,28,0,71,46.5,Developing
2,97,31,24,23,87,34,1,99,54.8,Developing
3,41,84,75,84,44,22,0,28,56.2,Developing
1,94,18,69,41,31,89,0,52,51.4,Developing
1,46,34,94,20,45,36,0,79,46.8,Developing
2,86,61,34,70,31,45,1,96,62.900000000000006,Developing
4,100,29,51,27,62,40,0,40,46.7,Developing
2,75,84,47,36,70,91,0,77,64.3,Developing
2,40,61,41,64,56,40,0,88,52.35000000000001,Developing
4,66,92,36,63,65,30,1,29,60.550000000000004,Developing
4,99,89,78,91,72,57,1,25,78.39999999999999,Placement Ready
4,78,23,90,96,99,91,0,32,66.4,Developing
1,25,30,76,84,32,54,0,84,50.75,Developing
3,38,83,45,30,73,33,1,39,53.04999999999999,Developing
1,76,75,44,53,76,33,1,76,64.45,Developing
3,88,24,29,14,23,29,0,65,36.150000000000006,Not Ready
1,22,64,64,96,94,31,0,27,55.300000000000004,Developing
3,20,17,30,50,68,57,1,29,38.8,Not Ready
1,77,91,96,68,26,53,1,92,76.45,Placement Ready
4,57,84,72,98,30,60,0,86,68.44999999999999,Developing
2,34,95,91,63,73,29,1,30,65.4,Developing
1,53,65,87,83,64,36,0,31,59.550000000000004,Developing
3,80,33,47,31,42,36,0,29,41.0,Not Ready
4,54,56,94,92,47,86,0,44,64.9,Developing
1,83,49,84,74,76,81,1,68,73.45,Placement Ready
1,44,60,68,73,45,20,0,68,53.05,Developing
4,43,40,66,80,44,31,0,30,46.85,Developing
1,31,83,71,13,73,23,1,81,56.550000000000004,Developing
2,37,78,73,74,48,61,1,55,64.6,Developing
1,34,51,79,24,55,32,0,58,45.25,Developing
2,99,98,76,85,33,23,0,72,71.4,Placement Ready
2,46,63,66,31,97,88,1,97,67.25,Developing
4,91,35,50,95,54,38,1,75,64.1,Developing
1,79,88,65,56,49,21,1,20,61.6,Developing
4,65,78,45,90,36,31,0,75,59.800000000000004,Developing
1,36,19,24,55,86,100,0,23,41.949999999999996,Not Ready
1,72,84,71,23,99,93,0,49,65.80000000000001,Developing
3,27,18,94,59,49,25,1,31,46.1,Developing
1,98,53,73,29,64,27,0,54,55.1,Developing
4,46,49,52,59,98,70,1,96,64.75,Developing
2,65,15,69,42,70,30,0,71,46.50000000000001,Developing
1,69,38,57,68,66,82,1,50,61.50000000000001,Developing
3,90,71,46,52,72,76,0,87,65.9,Developing
4,22,84,34,88,83,31,0,71,56.900000000000006,Developing
1,83,55,80,21,57,92,1,99,68.4,Developing
4,63,68,40,49,83,21,1,26,54.400000000000006,Developing
3,72,60,65,29,26,27,0,41,46.300000000000004,Developing
3,43,74,88,47,41,30,1,94,63.0,Developing
4,79,74,25,12,100,72,1,75,61.9,Developing
1,22,71,57,37,60,29,0,77,48.199999999999996,Developing
2,39,45,81,65,93,27,1,83,62.05,Developing
3,65,98,81,99,29,55,0,31,67.85,Developing
1,34,38,97,22,76,95,0,26,50.25,Developing
1,44,50,93,86,26,33,1,74,61.75,Developing
2,97,99,65,75,69,73,1,81,82.64999999999999,Placement Ready
3,90,44,32,46,71,40,0,92,54.300000000000004,Developing
3,36,38,22,58,52,69,0,96,46.7,Developing
1,28,44,25,75,20,58,0,74,43.199999999999996,Not Ready
1,57,100,27,45,72,39,0,55,55.949999999999996,Developing
2,67,21,63,63,79,26,0,43,47.949999999999996,Developing
2,79,49,52,35,53,28,0,63,49.099999999999994,Developing
3,82,69,100,84,23,20,1,36,66.6,Developing
4,21,28,94,81,36,45,1,21,50.2,Developing
3,91,24,96,49,23,57,1,32,56.400000000000006,Developing
1,30,94,69,52,62,57,0,50,58.35,Developing
3,83,30,30,31,23,80,1,47,47.6,Developing
4,96,68,47,29,20,63,0,79,55.6,Developing
2,100,91,89,17,90,63,0,46,69.0,Developing
4,91,84,60,38,69,93,1,34,69.75000000000001,Developing
4,40,58,35,49,92,81,0,98,57.30000000000001,Developing
4,37,87,87,99,80,25,0,52,66.55,Developing
2,83,59,67,39,54,36,0,39,53.05,Developing
4,57,70,75,90,27,70,0,61,63.1,Developing
4,51,98,83,93,43,57,0,31,66.75,Developing
4,30,96,78,64,55,43,0,92,64.0,Developing
1,64,71,81,25,69,70,1,42,62.800000000000004,Developing
4,52,35,95,55,62,29,0,91,55.5,Developing
2,60,82,30,71,46,91,0,33,57.550000000000004,Developing
4,27,64,37,16,51,40,0,44,38.300000000000004,Not Ready
4,30,47,38,89,97,89,0,96,61.150000000000006,Developing
2,70,21,74,54,37,76,1,50,55.2,Developing
4,60,84,45,68,47,58,1,73,65.55,Developing
2,36,29,25,65,48,52,0,24,37.1,Not Ready
4,95,96,23,57,35,78,0,32,59.95,Developing
2,65,46,48,36,66,37,0,47,46.550000000000004,Developing
4,51,89,78,62,78,75,1,62,72.95,Placement Ready
4,98,34,36,96,50,76,1,66,65.5,Developing
1,99,29,62,97,23,95,1,90,70.29999999999998,Placement Ready
1,73,62,99,82,56,67,1,57,73.50000000000001,Placement Ready
4,39,85,85,44,36,61,0,86,60.50000000000001,Developing
4,52,35,53,60,58,46,1,81,55.25,Developing
3,93,56,27,93,67,93,1,58,69.95,Developing
